timing,real_time
1700118238.5898225,2023-11-16 15:03:58.589823
1700118238.7065096,2023-11-16 15:03:58.706510
1700118238.8451393,2023-11-16 15:03:58.845139
1700118238.978782,2023-11-16 15:03:58.978782
1700118239.1124253,2023-11-16 15:03:59.112425
1700118239.257038,2023-11-16 15:03:59.257038
1700118239.396665,2023-11-16 15:03:59.396665
1700118239.5323026,2023-11-16 15:03:59.532303
1700118239.665945,2023-11-16 15:03:59.665945
1700118239.8275127,2023-11-16 15:03:59.827513
1700118239.9880831,2023-11-16 15:03:59.988083
1700118240.1496522,2023-11-16 15:04:00.149652
1700118240.2922707,2023-11-16 15:04:00.292271
1700118240.4308999,2023-11-16 15:04:00.430900
1700118240.5954645,2023-11-16 15:04:00.595464
1700118240.89466,2023-11-16 15:04:00.894660
1700118241.1130757,2023-11-16 15:04:01.113076
1700118241.414271,2023-11-16 15:04:01.414271
1700118241.6566248,2023-11-16 15:04:01.656625
1700118241.882021,2023-11-16 15:04:01.882021
1700118242.154293,2023-11-16 15:04:02.154293
1700118242.5631993,2023-11-16 15:04:02.563199
1700118242.8683834,2023-11-16 15:04:02.868383
1700118243.1725702,2023-11-16 15:04:03.172570
1700118243.45282,2023-11-16 15:04:03.452820
1700118243.711133,2023-11-16 15:04:03.711133
1700118243.973429,2023-11-16 15:04:03.973429
1700118244.2616587,2023-11-16 15:04:04.261659
1700118244.5518827,2023-11-16 15:04:04.551883
1700118244.8560684,2023-11-16 15:04:04.856068
1700118244.8660421,2023-11-16 15:04:04.866042
