,long,short,long_short,original
2018-11-23,0.999290021438693,1.0,0.999290021438693,0.999290021438693
2018-11-26,0.9980168763539156,1.0,0.9980168763539156,0.9980168763539156
2018-11-27,1.0112796817993028,1.0,1.0112796817993028,1.0112796817993028
2018-11-28,1.0112796817993028,1.0129849874766141,1.0244111358028212,0.9981482277957847
2018-11-29,1.0225718734868332,1.0129849874766141,1.0358499564579975,1.009293790515669
2018-11-30,1.0225718734868332,0.9848050336860819,1.0070339283156404,1.037371059902111
2018-12-03,1.0246914612267684,0.9848050336860819,1.0091213089912678,1.0395213234066554
2018-12-04,1.0246914612267684,0.9895382442043525,1.0139713893935285,1.0345251332028962
2018-12-05,1.0246914612267684,1.010938990041961,1.0359005509172101,1.0121514558155256
2018-12-06,1.0246565498595737,1.010938990041961,1.0358652576549172,1.0121169716878953
2018-12-07,1.0246565498595737,1.0226326300963005,1.0478472225282964,1.0004097057931303
2018-12-10,1.0246565498595737,1.0177377042460671,1.0428316046947779,1.0051982595568119
2018-12-11,1.0246565498595737,1.014261283203736,1.0392694671036837,1.0086318479624083
2018-12-12,1.0246565498595737,0.9985598245011796,1.0231808646017597,1.02424615915532
2018-12-13,1.0075407638185616,0.9985598245011796,1.006089728296447,1.007137228249805
2018-12-14,1.0060404533003884,0.9985598245011796,1.0045915784887225,1.0056375186290643
2018-12-17,1.0060404533003884,1.0089112544960388,1.0150055358130579,0.995212718713353
2018-12-18,1.0060404533003884,1.020940751977906,1.0271076969126913,0.9833465522489254
2018-12-19,0.9983242312669841,1.020940751977906,1.019229891387479,0.9758043899948697
2018-12-20,0.9859496224368681,1.020940751977906,1.0065961489430282,0.963708923168855
2018-12-21,0.9859496224368681,1.0179740404256024,1.0036711208081555,0.9665093270021667
2018-12-24,0.9859496224368681,1.0249823246497176,1.0105809359928521,0.9598553537180765
2018-12-25,0.9859496224368681,1.030162401640253,1.0156882309458646,0.9550044167677866
2018-12-26,0.9859496224368681,1.0341179488278993,1.0195882012020556,0.9513374560740931
2018-12-27,0.9925922496011953,1.0341179488278993,1.026457461180058,0.9577468910841099
2018-12-28,0.9790358225526711,1.0341179488278993,1.0124385166472032,0.944666367973891
2019-01-02,0.9790358225526711,1.035752319821044,1.014038624396833,0.9431733706695064
2019-01-03,1.0024916661362337,1.035752319821044,1.0383330688018675,0.9657700178452182
2019-01-04,1.0024916661362337,1.029464912867393,1.0320299957292252,0.9716326058497298
2019-01-07,1.0024916661362337,1.0316893004584304,1.034259925751497,0.9695331778027072
2019-01-08,1.0024916661362337,1.0212724223633576,1.0238170922740295,0.9793224708755458
2019-01-09,1.000606341810292,1.0212724223633576,1.0218916625327343,0.977480719427976
2019-01-10,1.0078004359365278,1.0212724223633576,1.0292387924677453,0.9845085464647537
2019-01-11,1.0078004359365278,1.0301803051277993,1.0382161606010212,0.9759213306343251
2019-01-14,1.0078004359365278,1.0099628053547567,1.017840955516202,0.9950739869046847
2019-01-15,1.0078004359365278,1.0097492853889727,1.0176257700016038,0.9952843591703859
2019-01-16,1.0078004359365278,1.0153117223833976,1.0232315964294547,0.9898016055606231
2019-01-17,1.026184289273854,1.0153117223833976,1.041896938225419,1.0078571321319794
2019-01-18,1.026184289273854,1.0097154762454819,1.0361541583597804,1.013412289684996
2019-01-21,1.026184289273854,1.023128950599892,1.0499188550068537,0.9999497053452182
2019-01-22,1.0254452042440658,1.023128950599892,1.0491626757159223,0.9992295151557107
2019-01-23,1.0254452042440658,1.0173542818993713,1.043241069390875,1.0048692924315106
2019-01-24,1.0254452042440658,1.0090809355462496,1.034757206050016,1.0130411081340807
2019-01-25,1.0252224024510086,1.0090809355462496,1.0345323810082365,1.0128210014190666
2019-01-28,1.0252224024510086,1.0058506051738807,1.0312205739431661,1.0160633047144767
2019-01-29,1.0252224024510086,1.0138769846935012,1.039449398037255,1.0079554309828818
2019-01-30,1.0359487749006535,1.0138769846935012,1.0503246201932006,1.0185011480287804
2019-01-31,1.0359487749006535,0.9993846725270903,1.0353113271589294,1.0330595577786013
2019-02-01,1.0359487749006535,0.9812042506490865,1.0164773413872343,1.051852580227132
2019-02-11,1.0359487749006535,0.9741229031428275,1.0091414281134794,1.0594437964708612
2019-02-12,1.0359487749006535,0.9546154088393943,0.9889326632884564,1.0806599015000975
2019-02-13,1.0359487749006535,0.9531786639036826,0.9874442691324611,1.082286349833458
2019-02-14,1.0492263073866464,0.9531786639036826,1.0001001298073975,1.0961577810443677
2019-02-18,1.0492263073866464,0.9548763106534874,1.001881345437942,1.09420548315444
2019-02-19,1.0492263073866464,0.9514562699415506,0.9982929487506446,1.098124553360561
2019-02-20,1.0492263073866464,0.9539980512486251,1.0009598525656507,1.0951909529936805
2019-02-21,1.0728191863255832,0.9539980512486251,1.0234674130967412,1.119817391910711
2019-02-22,1.0728191863255832,0.8972574262889681,0.9625949819959169,1.186420398672145
2019-02-25,1.0728191863255832,0.9080331290185267,0.9741553626303283,1.1721719643278883
2019-02-26,1.070984498360163,0.9080331290185267,0.9724894051763152,1.1701673676318494
2019-02-27,1.0683577506713275,0.9080331290185267,0.9701042312532797,1.1672973593047595
2019-02-28,1.0917503570593874,0.9080331290185267,0.9913454928277284,1.192856333016402
2019-03-01,1.0917503570593874,0.8972836918714903,0.979609790984264,1.2069775514691512
2019-03-04,1.098054711637671,0.8972836918714903,0.9852665855351335,1.2139472899293113
2019-03-05,1.098054711637671,0.8897411973349065,0.9769845138717363,1.224151633198824
2019-03-06,1.098054711637671,0.8988142636369472,0.986947237073693,1.2116684426204478
2019-03-07,1.0544448246768574,0.8988142636369472,0.947750048637719,1.1635463196910225
2019-03-08,1.0753100136045286,0.8988142636369472,0.9665039780593895,1.1865703919025672
2019-03-11,1.0753100136045286,0.8926942278869499,0.9599230423337997,1.1946497621485932
2019-03-12,1.0663882679907855,0.8926942278869499,0.9519586515217354,1.1847378659134964
2019-03-13,1.0590269359082316,0.8926942278869499,0.9453872328620806,1.176559560578051
2019-03-14,1.072347275231125,0.8926942278869499,0.9572782228891231,1.1913582139919543
2019-03-15,1.072347275231125,0.8672499973190565,0.9299931715692902,1.2253151861990197
2019-03-18,1.072347275231125,0.8712544913248348,0.9342873798050658,1.2196573397493324
2019-03-19,1.0727604154532657,0.8712544913248348,0.9346473300791529,1.2201272337061861
2019-03-20,1.0727604154532657,0.8709247473792822,0.9342935938271287,1.220589015621946
2019-03-21,1.0718964791505223,0.8709247473792822,0.9335411703209101,1.2196060271129228
2019-03-22,1.0718964791505223,0.8915917905330452,0.9556941011118806,1.1906647776320933
2019-03-25,1.059757565229598,0.8915917905330452,0.9448711451139973,1.1771808474900645
2019-03-26,1.0720576004765117,0.8915917905330452,0.9558377555634124,1.1908437515269725
2019-03-27,1.0720576004765117,0.895162670878268,0.9596659449779008,1.1860743485426577
2019-03-28,1.1134476044153192,0.895162670878268,0.9967167314514258,1.2318663115268096
2019-03-29,1.1134476044153192,0.871679019382378,0.9705689159504028,1.2641830290246923
2019-04-01,1.1134476044153192,0.872258716174173,0.9712143779545143,1.2633423034481075
2019-04-02,1.1134476044153192,0.8610852496968767,0.9587733084723539,1.2795254754992185
2019-04-03,1.1134476044153192,0.8525059247093991,0.9492206796175465,1.292273882103476
2019-04-04,1.1134476044153192,0.8535557149581942,0.950389566055206,1.2906825541362632
2019-04-08,1.1134476044153192,0.8497265015030263,0.9461259375067544,1.296472801821373
2019-04-09,1.1134476044153192,0.8475545795766737,0.9437076162408801,1.2997866183261129
2019-04-10,1.1134476044153192,0.8658648502979145,0.9640951433116416,1.2717064858663434
2019-04-11,1.1109516920197766,0.8658648502979145,0.9619340204989184,1.2688558191901755
2019-04-12,1.1109516920197766,0.8687070007311274,0.965091512331671,1.2646908746090952
2019-04-15,1.1417649238628647,0.8687070007311274,0.9918591825489129,1.2997681992210408
2019-04-16,1.1417649238628647,0.8683985576825225,0.9915070130950064,1.300229694829468
2019-04-17,1.1375287412469295,0.8683985576825225,0.9878283182212485,1.2954055753326768
2019-04-18,1.1510862296446922,0.8683985576825225,0.9996016215916631,1.3108446982498863
2019-04-19,1.1510862296446922,0.8884187039687841,1.022646536297251,1.280624354854144
2019-04-22,1.1510862296446922,0.8898765047192084,1.02432459066663,1.2785229862796441
2019-04-23,1.1542606342959236,0.8898765047192084,1.0271494187822323,1.28204882927023
2019-04-24,1.128978386117859,0.8898765047192084,1.0046513401420927,1.2539675833930555
2019-04-25,1.1139300228303044,0.8898765047192084,0.9912601552180187,1.2372532158039617
2019-04-26,1.1170974677008707,0.8898765047192084,0.9940787899883291,1.240771328496564
2019-04-29,1.1207856072730573,0.8898765047192084,0.997360778739743,1.244867782001271
2019-04-30,1.1207856072730573,0.9418595456784319,1.0556226228691266,1.1721475645807549
2019-05-06,1.1207856072730573,0.9326440572192302,1.0452940360400622,1.1836162728435082
2019-05-07,1.1207856072730573,0.945982231330283,1.0602432696110324,1.166688828975015
2019-05-08,1.1000787800778231,0.945982231330283,1.0406549790171142,1.145133926935387
2019-05-09,1.1400367256271513,0.945982231330283,1.0784544855072418,1.186728401738306
2019-05-10,1.1400367256271513,0.9616348978091743,1.096299100147171,1.167092236006825
2019-05-13,1.1327108589701869,0.9616348978091743,1.089254291113137,1.1595925108618643
2019-05-14,1.1581738949404006,0.9616348978091743,1.113740435106265,1.1856598391487234
2019-05-15,1.1581738949404006,0.957281924128346,1.108698934623767,1.1910268927841394
2019-05-16,1.1581738949404006,0.9816239691589722,1.136891255727702,1.1607411122569065
2019-05-17,1.148344007685946,0.9816239691589722,1.127242002784599,1.1508894359974595
2019-05-20,1.148344007685946,0.9683330815501395,1.1119794916421686,1.1664721261360678
2019-05-21,1.142895820975203,0.9683330815501395,1.1067038322156943,1.160937932642192
2019-05-22,1.1224094538871934,0.9683330815501395,1.086866205243595,1.1401281613419443
2019-05-23,1.1255253296353969,0.9683330815501395,1.0898834108085802,1.1432932252813703
2019-05-24,1.1255253296353969,0.9566709895797807,1.0767574308994037,1.1570624447744968
2019-05-27,1.1255253296353969,0.9474484655719307,1.066377246525398,1.168216787585918
2019-05-28,1.1229656460861361,0.9474484655719307,1.0639520782743013,1.1655600145978569
2019-05-29,1.1160003583611244,0.9474484655719307,1.057352827106972,1.158330531763063
2019-05-30,1.1160003583611244,0.9504132237088604,1.0606614982502396,1.154705880930761
2019-05-31,1.1166839559453645,0.9504132237088604,1.0613111984339967,1.155413187290296
2019-06-03,1.1063700075237253,0.9504132237088604,1.0515086854654196,1.144741526829924
2019-06-04,1.1059513754868893,0.9504132237088604,1.0511108120417425,1.1443083756474364
2019-06-05,1.095981439540291,0.9504132237088604,1.041635253078565,1.1339926588254936
2019-06-06,1.1101446136143773,0.9504132237088604,1.0550961210082672,1.1486470451556292
2019-06-10,1.1435135469829874,0.9504132237088604,1.086810396542854,1.1831732917759303
2019-06-11,1.1435135469829874,0.9576143121591043,1.0950449387387307,1.1742086274451922
2019-06-12,1.1435135469829874,0.95909373732103,1.0967366814531403,1.172394584185045
2019-06-13,1.1435135469829874,0.9670346023691027,1.105817168210375,1.1626876840001794
2019-06-14,1.1434963076760436,0.9670346023691027,1.1058004972040396,1.1626701556290315
2019-06-17,1.1434963076760436,0.9636495015039861,1.101929646863668,1.1667400779875727
2019-06-18,1.1434963076760436,0.9509537539902052,1.087412106458472,1.1821114733146298
2019-06-19,1.1781403301417115,0.9509537539902052,1.12035696967552,1.2179254030698259
2019-06-20,1.1798082131421317,0.9509537539902052,1.121943049275986,1.219649609451349
2019-06-21,1.1798082131421317,0.9491362472432294,1.1197987398884628,1.2219806601305463
2019-06-24,1.1798082131421317,0.9590089776908861,1.1314466683567466,1.2092698552226533
2019-06-25,1.1798082131421317,0.9607696160512504,1.1335238839546775,1.2070497645408498
2019-06-26,1.1798082131421317,0.9505180299799839,1.1214289785100637,1.2199292044677181
2019-06-27,1.1769685701399881,0.9505180299799839,1.1187298466378197,1.2169929955229173
2019-06-28,1.1769685701399881,0.9231313370944438,1.0864965698714626,1.2520574681168157
2019-07-01,1.1769685701399881,0.922812940047668,1.086121826554582,1.252489315010343
2019-07-02,1.1769685701399881,0.9330403246522511,1.0981591367889099,1.2386081811620466
2019-07-03,1.1707921616121126,0.9330403246522511,1.092396298570876,1.2321083048468144
2019-07-04,1.176868331444799,0.9330403246522511,1.0980656100442079,1.2385026928159004
2019-07-05,1.176868331444799,0.9547085497868848,1.1235662580037746,1.2097406399134312
2019-07-08,1.176868331444799,0.9571337390080875,1.1264203863959694,1.2066676078755134
2019-07-09,1.176868331444799,0.9587463267837912,1.12831818988087,1.204634603129683
2019-07-10,1.176396557148463,0.9587463267837912,1.1278658780071869,1.204151698095153
2019-07-11,1.176396557148463,0.9527915299522931,1.120860675516094,1.21163071367638
2019-07-12,1.1811706428445827,0.9527915299522931,1.1254093839306234,1.2165477876205295
2019-07-15,1.175813969633662,0.9527915299522931,1.1203055910665358,1.2110306771308397
2019-07-16,1.175813969633662,0.9533437811119975,1.1209549356948627,1.2103287469867747
2019-07-17,1.164615170055066,0.9533437811119975,1.1102786297606886,1.1988012184731094
2019-07-18,1.176838987462711,0.9533437811119975,1.1219321300677154,1.2113838531317191
2019-07-19,1.176838987462711,0.9599211045901541,1.129672580769964,1.203026255782136
2019-07-22,1.1794002115013917,0.9599211045901541,1.1321311537782772,1.2056444727160571
2019-07-23,1.1794002115013917,0.9523431270114487,1.1231936854191993,1.2151622828136204
2019-07-24,1.1890439291790738,0.9523431270114487,1.1323778136683784,1.2250984197362211
2019-07-25,1.1913603171900002,0.9523431270114487,1.1345838098700758,1.2274850458498932
2019-07-26,1.1913603171900002,0.9534040259896259,1.1358477228132235,1.2261176420287974
2019-07-29,1.1913603171900002,0.949434541885485,1.1311186369718336,1.2312225653951405
2019-07-30,1.1805993378015,0.949434541885485,1.1209017914358737,1.2201015296700934
2019-07-31,1.170783118885763,0.949434541885485,1.1115819341265631,1.209956865573491
2019-08-01,1.170783118885763,0.9634213092126145,1.1279574052009493,1.1921321663361628
2019-08-02,1.170783118885763,0.9818672445609629,1.1495535949188538,1.1693072685924173
2019-08-05,1.158246300430808,0.9818672445609629,1.137244103526926,1.1567862536341953
2019-08-06,1.153501009772642,0.9818672445609629,1.1325848580637519,1.152046944731742
2019-08-07,1.1687462422319501,0.9818672445609629,1.1475536524512642,1.1672729595576268
2019-08-08,1.1573546652245437,0.9818672445609629,1.1363686361237981,1.1558957423936422
2019-08-09,1.1782416969161433,0.9818672445609629,1.1568769283778866,1.176756444587189
2019-08-12,1.1782416969161433,0.9907203096232441,1.1673079787797778,1.1661461493317977
2019-08-13,1.1782416969161433,0.9862204156300951,1.1620060160453471,1.171442834987215
2019-08-14,1.1819530095654294,0.9862204156300951,1.1656661883488593,1.1751327320794525
2019-08-15,1.1819530095654294,0.9818051176916783,1.1604475136624195,1.1803937883779083
2019-08-16,1.2076132753388547,0.9818051176916783,1.1856408939200969,1.2060202033723706
2019-08-19,1.2076132753388547,0.982675849107007,1.1866924007365023,1.2049506228011606
2019-08-20,1.2057084719494937,0.982675849107007,1.1848205964484801,1.2030500192907527
2019-08-21,1.2094540592252303,0.982675849107007,1.188501294605069,1.2067873479644446
2019-08-22,1.2094540592252303,0.97558906701982,1.179930157242876,1.2154903592049977
2019-08-23,1.2094540592252303,0.9896204069164841,1.1969004182372653,1.1980086561522745
2019-08-26,1.2258445102713142,0.9896204069164841,1.2131207430710356,1.214243999761793
2019-08-27,1.2258445102713142,0.9933439161949182,1.2176851864789482,1.2096753300296446
2019-08-28,1.2218478461906983,0.9933439161949182,1.2137151245293936,1.2057313828975025
2019-08-29,1.224878008534694,0.9933439161949182,1.2167251178588847,1.2087215766804849
2019-08-30,1.240588295843848,0.9933439161949182,1.2323308361791072,1.22422464156867
2019-09-02,1.2422938985215803,0.9933439161949182,1.2340250862224782,1.2259077469419841
2019-09-03,1.2422938985215803,0.9849946020602978,1.2236527842161993,1.2362118205990629
2019-09-04,1.2422938985215803,0.9750276054615076,1.211270845154937,1.2487208424612362
2019-09-05,1.2496313744159904,0.9750276054615076,1.2184250867063953,1.256096278411868
2019-09-06,1.2496313744159904,0.9689922738324492,1.2108831469477188,1.2638713993989845
2019-09-09,1.2496313744159904,0.9723296211988937,1.2150536009241524,1.2595184463360813
2019-09-10,1.2496313744159904,0.9794920845943035,1.2240040399011627,1.2502404663475644
2019-09-11,1.2630749040601879,0.9794920845943035,1.237171870776663,1.2636905486004797
2019-09-12,1.2630749040601879,0.9831079929505341,1.2417390338767995,1.2590254887329801
2019-09-16,1.2418536559341806,0.9831079929505341,1.220876255223735,1.2378722758811658
2019-09-17,1.2478736076486967,0.9831079929505341,1.226794517871452,1.2438729276439027
2019-09-18,1.252436897576819,0.9831079929505341,1.23128072467394,1.2484215876746863
2019-09-19,1.252436897576819,0.9802850143250925,1.2277451220823663,1.2520064099758135
2019-09-20,1.252436897576819,0.9914909194044271,1.2417798110744684,1.2376943835917655
2019-09-23,1.252436897576819,0.9888369788168258,1.2384559179585797,1.2410073411745073
2019-09-24,1.2427758557776385,0.9888369788168258,1.228902722573655,1.231434464633283
2019-09-25,1.2427758557776385,0.9964608137477481,1.2383774405542396,1.2219402271727806
2019-09-26,1.2465013308552215,0.9964608137477481,1.242089730481645,1.2256032431876676
2019-09-27,1.2341661665917762,0.9964608137477481,1.2297982226619801,1.2134748828303152
2019-09-30,1.2416564920024389,0.9964608137477481,1.2372620384159245,1.2208396299738586
2019-10-08,1.2434554267443205,0.9964608137477481,1.239054606392699,1.2226084048635095
2019-10-09,1.2434554267443205,0.9883195640681555,1.228931325298129,1.2325973177711094
2019-10-10,1.2434554267443205,0.9788598399310237,1.2171685799843084,1.2443951522187933
2019-10-11,1.2566524287949583,0.9788598399310237,1.230086595299165,1.257602127734299
2019-10-14,1.2512512509074312,0.9788598399310237,1.224799599176741,1.2521968679759272
2019-10-15,1.2512512509074312,0.9822330116267735,1.2290202844805735,1.2478817711047954
2019-10-16,1.2520602434976988,0.9822330116267735,1.229814903708896,1.248688585168415
2019-10-17,1.2342472550458212,0.9822330116267735,1.212318398415735,1.2309235651039974
2019-10-18,1.2342472550458212,0.9793233827728709,1.2087271969896036,1.2345698798578086
2019-10-21,1.2342472550458212,0.975527786538101,1.2040424927555766,1.2393547434380907
2019-10-22,1.2342472550458212,0.9817367249447596,1.2117058579407436,1.2314666264903253
2019-10-23,1.2341142997808385,0.9817367249447596,1.2115753308743353,1.231333970759496
2019-10-24,1.2341142997808385,0.9751106380791238,1.2033979823218641,1.2396446773303638
2019-10-25,1.2341142997808385,0.9676554861309176,1.1941974726955438,1.249122308965568
2019-10-28,1.2341142997808385,0.9716869475910963,1.1991727569325656,1.2439181960143986
2019-10-29,1.2341142997808385,0.9764085513673754,1.2049997556707708,1.2378737710416805
2019-10-30,1.2341142997808385,0.9775310926581325,1.2063850999297887,1.2364506327264808
2019-10-31,1.254954699267208,0.9775310926581325,1.2267572384111314,1.2573304856993945
2019-11-01,1.2631258385252295,0.9775310926581325,1.234744781098287,1.265517093947489
2019-11-04,1.2631258385252295,0.9714638030823085,1.227081030865249,1.2733718401850287
2019-11-05,1.25746747697613,0.9714638030823085,1.221584137435546,1.2676675801355142
2019-11-06,1.2596742796341405,0.9714638030823085,1.223727966338349,1.269892283546567
2019-11-07,1.2537215010172869,0.9714638030823085,1.2179450573843134,1.2638912182287938
2019-11-08,1.231622107817102,0.9714638030823085,1.1964762968202503,1.2416125630639623
2019-11-11,1.2318463128831674,0.9714638030823085,1.1966941039264005,1.2418385867971857
2019-11-12,1.2318463128831674,0.9723863939807343,1.197830594122926,1.2406592232698388
2019-11-13,1.2318463128831674,0.9709214495296301,1.1960260077022546,1.242528332973647
2019-11-14,1.2227733979352415,0.9709214495296301,1.1872169199695555,1.233376741766565
2019-11-15,1.2324998208699998,0.9709214495296301,1.1966605126241092,1.2431875078893582
2019-11-18,1.2448345357562571,0.9709214495296301,1.208636551881009,1.2556291839044895
2019-11-19,1.2448345357562571,0.9805580259480928,1.2206324950131657,1.2431668301375502
2019-11-20,1.2390159423938172,0.9805580259480928,1.214927026591897,1.237356031948336
2019-11-21,1.2390159423938172,0.9905418946186411,1.2272971990414725,1.2247574913267973
2019-11-22,1.2480949807487922,0.9905418946186411,1.2362903668949248,1.2337320491664774
2019-11-25,1.2480949807487922,0.9871073131080513,1.2320036829505852,1.2380098624605032
2019-11-26,1.2480949807487922,0.9911744713087817,1.237079882686828,1.2329089155848925
2019-11-27,1.2438068244438463,0.9911744713087817,1.2328295716283835,1.2286729349733707
2019-11-28,1.2438068244438463,0.9998054559918832,1.2435648492788955,1.2179738526329087
2019-11-29,1.2438068244438463,0.9978761015442834,1.2411651050502,1.220324213151102
2019-12-02,1.2438068244438463,0.993966755625625,1.236302633917461,1.2251050366168001
2019-12-03,1.2438068244438463,0.9942941042256318,1.2367097923401216,1.2247015659611387
2019-12-04,1.2438068244438463,0.9866635583608717,1.2272188673193012,1.2341003358321398
2019-12-05,1.2438068244438463,0.980808352126075,1.2199361218459348,1.2414239183436226
2019-12-06,1.2438068244438463,0.9825522441890208,1.2221051866949202,1.2392166478679403
2019-12-09,1.2438068244438463,0.9813068538770076,1.2205561617257419,1.2407873617071967
2019-12-10,1.2438068244438463,0.9807118631273182,1.2198161081707972,1.2415396819418212
2019-12-11,1.2400700649778256,0.9807118631273182,1.2161514238328175,1.237809733634928
2019-12-12,1.264672729952021,0.9807118631273182,1.240279549237558,1.262367554227882
2019-12-13,1.264672729952021,0.9759357807239223,1.2342393680659796,1.2685153043357882
2019-12-16,1.264672729952021,0.9626575304448105,1.2174467270365092,1.285774292095577
2019-12-17,1.2618513248516847,0.9626575304448105,1.214730680170235,1.2829058107409286
2019-12-18,1.2600887367324982,0.9626575304448105,1.2130339114442277,1.2811138131454012
2019-12-19,1.2600887367324982,0.9650232804740326,1.216014966409975,1.2779654504670508
2019-12-20,1.2443561838054882,0.9650232804740326,1.2008326865741206,1.2620097018739014
2019-12-23,1.2524682671953387,0.9650232804740326,1.208661035898473,1.2702368703274651
2019-12-24,1.2524682671953387,0.9655286360597753,1.2092939777332659,1.2695716829577668
2019-12-25,1.2634903549813525,0.9655286360597753,1.219936119119827,1.2807442858146305
2019-12-26,1.2634903549813525,0.9664783631942411,1.2211360901940886,1.2794845017387135
2019-12-27,1.2822150143939197,0.9664783631942411,1.239233068374516,1.2984461910181455
2019-12-30,1.2869110381930364,0.9664783631942411,1.2437716737694076,1.3032016603789343
2019-12-31,1.2869110381930364,0.9533471899477634,1.2268730219740902,1.3209077647566625
2020-01-02,1.284656006157614,0.9533471899477634,1.224723193519878,1.318593160843134
2020-01-03,1.2797995314288444,0.9533471899477634,1.2200932869841532,1.313608391120758
2020-01-06,1.2893863386856361,0.9533471899477634,1.2292328427429864,1.3234484560272664
2020-01-07,1.2745374490879915,0.9533471899477634,1.2150766955712273,1.3082072987246736
2020-01-08,1.2745374490879915,0.941280001987468,1.1996966126106472,1.3247662014320973
2020-01-09,1.2745374490879915,0.9415478044706036,1.2000379369043623,1.3243892937345274
2020-01-10,1.2745374490879915,0.9323196888313161,1.188276357937576,1.3373696410902183
2020-01-13,1.2745374490879915,0.9354471155855408,1.192262380455115,1.3328834914937462
2020-01-14,1.2674948148241314,0.9354471155855408,1.1856743685468631,1.32551845804287
2020-01-15,1.2674948148241314,0.9394188098029175,1.190708470373455,1.3198906102392671
2020-01-16,1.269269594494116,0.9394188098029175,1.192375731778694,1.3217387558839346
2020-01-17,1.269269594494116,0.9324147708540572,1.1834857181022531,1.331593263404783
2020-01-20,1.269269594494116,0.9483466337407013,1.2037075472479197,1.3088407696042912
2020-01-21,1.2747061898189274,0.9483466337407013,1.208863324123215,1.3144468580506068
2020-01-22,1.2747061898189274,0.9777315936807387,1.2463205144463618,1.2737181129979975
2020-01-23,1.2747061898189274,1.054785653212775,1.3445418010825247,1.1733376487271165
2020-02-03,1.3083263454351606,1.054785653212775,1.3800038588853083,1.2042842265782796
2020-02-04,1.3083263454351606,1.0428353981878264,1.364369025401499,1.2179282343312277
2020-02-05,1.3083263454351606,1.023428501413906,1.3389784710690384,1.2405935634548677
2020-02-06,1.3083579483708634,1.023428501413906,1.339010814414165,1.2406235302890263
2020-02-07,1.3083579483708634,1.0191940159259014,1.333470591668673,1.2457566708336059
2020-02-10,1.3083579483708634,1.0097050355368957,1.3210556087547822,1.257355012694232
2020-02-11,1.3189401688263673,1.0097050355368957,1.3317405300358662,1.267524712776485
2020-02-12,1.3189401688263673,1.0159171137512062,1.3399338895246113,1.2597264327073436
2020-02-13,1.3189401688263673,1.0087810732632458,1.330521879078669,1.2685750471325505
2020-02-14,1.348605037625301,1.0087810732632458,1.3604472372638705,1.2971071316229899
2020-02-17,1.348605037625301,1.0137077523757307,1.367091381533731,1.2907723273910365
2020-02-18,1.348605037625301,1.0152567536588586,1.3691803724674454,1.2887999561758923
2020-02-19,1.3796779634019265,1.0152567536588586,1.400727370218105,1.3184949256160838
2020-02-20,1.3796779634019265,1.0140725892601434,1.3990936046921525,1.3200327777359286
2020-02-21,1.3796779634019265,1.01814196368911,1.404708030916629,1.3147356149016236
2020-02-24,1.3766786408389016,1.01814196368911,1.4016542947525739,1.311877472422879
2020-02-25,1.3766786408389016,1.0306936731678342,1.4189339650979484,1.2957045756238204
2020-02-26,1.3806875559923237,1.0306936731678342,1.4230659285828473,1.2994776927141032
2020-02-27,1.3317360138560117,1.0306936731678342,1.3726118838111419,1.2534054030392872
2020-02-28,1.3755466792473594,1.0306936731678342,1.4177672594472768,1.294639194226824
2020-03-02,1.3755466792473594,1.025199068119519,1.410209173719291,1.301540886977573
2020-03-03,1.3835117390015221,1.025199068119519,1.418374945556775,1.3090774185207517
2020-03-04,1.3835117390015221,1.0023602905107576,1.3867772286306081,1.3382402698771105
2020-03-05,1.3835117390015221,1.01861495713065,1.4092657507127855,1.316538842106979
2020-03-06,1.3362498767899937,1.01861495713065,1.3611241109622747,1.2715648273604971
2020-03-09,1.364865804133745,1.01861495713065,1.3902727225667835,1.2987955177759964
2020-03-10,1.364865804133745,1.0321631026726927,1.4087641231265446,1.2815208149248336
2020-03-11,1.3386021174563707,1.0321631026726927,1.3816557147980026,1.2568609098618002
2020-03-12,1.3386021174563707,1.0466879837390692,1.401098751349256,1.2391740198872905
2020-03-13,1.3386021174563707,1.09168872840346,1.461336843444123,1.1858976332945157
2020-03-16,1.332082040652661,1.09168872840346,1.4542189490891881,1.1801213510448576
2020-03-17,1.332082040652661,1.1132965116969007,1.483002289152695,1.156763221799874
2020-03-18,1.3148043309649264,1.1132965116969007,1.4637670752272285,1.141759476899962
2020-03-19,1.3148043309649264,1.0934036974015584,1.4376119168366315,1.1621608785079656
2020-03-20,1.3148043309649264,1.1301928755895074,1.485982487650787,1.1230582636694582
2020-03-23,1.3501143091695305,1.1301928755895074,1.5258895734548512,1.153218768832661
2020-03-24,1.3501143091695305,1.0998256309905416,1.4848903219917362,1.1842046980361107
2020-03-25,1.3412389964482152,1.0998256309905416,1.4751290255777774,1.176420033471237
2020-03-26,1.3412389964482152,1.0962527898291907,1.470336991684058,1.1802416955603796
2020-03-27,1.3282426748112461,1.0962527898291907,1.4560897378320132,1.168805403650076
2020-03-30,1.332596858481545,1.0962527898291907,1.4608630238280071,1.1726369274362347
2020-03-31,1.3285915358693265,1.0962527898291907,1.4564721777401965,1.169112388734609
2020-04-01,1.3500852813988211,1.0962527898291907,1.4800347562407836,1.1880261056298467
2020-04-02,1.3500852813988211,1.1025089089603812,1.4884810505984816,1.181246252555135
2020-04-03,1.3500852813988211,1.0773296262725152,1.4544868716454133,1.2082237518527277
2020-04-07,1.3500852813988211,1.082343776027084,1.4612564014277862,1.202600389530671
2020-04-08,1.3545372997579728,1.082343776027084,1.4660750157895723,1.2065660642081744
2020-04-09,1.3545372997579728,1.0890876597033725,1.475209857774334,1.1990481744535486
2020-04-10,1.3545372997579728,1.0936881368266702,1.4814413756345242,1.1939832068660838
2020-04-13,1.3545372997579728,1.0725786014828662,1.4528477226307825,1.2170285612560277
2020-04-14,1.3545372997579728,1.0805231482232251,1.4636089075202694,1.2080140794493952
2020-04-15,1.3563273513765333,1.0805231482232251,1.4655430997306385,1.2096104973247455
2020-04-16,1.3695634174515214,1.0805231482232251,1.4798449755160754,1.2214147895933787
2020-04-17,1.374545869877254,1.0805231482232251,1.4852286306970002,1.2258582793972748
2020-04-20,1.374545869877254,1.0932556362591117,1.5027300195399895,1.2114132155392872
2020-04-21,1.374545869877254,1.0842593567963572,1.4903642207601988,1.2213818006262636
2020-04-22,1.374545869877254,1.0869791668156876,1.49410272438912,1.2183180258587705
2020-04-23,1.3627805760539782,1.0869791668156876,1.481314095111754,1.207889949314696
2020-04-24,1.3720394047512992,1.0869791668156876,1.491378249014857,1.2160964400164518
2020-04-27,1.3815066180196989,1.0869791668156876,1.5016689126054086,1.2244876307597412
2020-04-28,1.3879259467245408,1.0869791668156876,1.5086465891725136,1.2301773527591386
2020-04-29,1.404272686246934,1.0869791668156876,1.5264151544787175,1.2446661580151814
2020-04-30,1.404272686246934,1.0804013848772394,1.517178154966466,1.2521981722648883
2020-05-06,1.404272686246934,1.0835192232492092,1.521556450232356,1.2485845601708594
2020-05-07,1.404272686246934,1.0728280935279946,1.5065431887797316,1.2609043965099531
2020-05-08,1.4030534316388439,1.0728280935279946,1.5052351381830091,1.2598096208934633
2020-05-11,1.4030534316388439,1.0728125165565678,1.5052132828597944,1.2598279127508318
2020-05-12,1.4030534316388439,1.0706412581534859,1.5021668913063757,1.2623776704203054
2020-05-13,1.4030534316388439,1.0822522269687262,1.5184577009472502,1.2486873445033075
2020-05-14,1.3986204576286383,1.0822522269687262,1.5136601049526108,1.244742093082205
2020-05-15,1.4022291611242785,1.0822522269687262,1.5175656323472373,1.2479537614930136
2020-05-18,1.414145624940614,1.0822522269687262,1.5304622518500586,1.2585591577118227
2020-05-19,1.414145624940614,1.0880044068306345,1.5385966718356476,1.2518699050019557
2020-05-20,1.4064456680588509,1.0880044068306345,1.5302190848158834,1.2450535318363585
2020-05-21,1.3742003310341588,1.0880044068306345,1.4951360160332794,1.2165084044563175
2020-05-22,1.3760907232559954,1.0880044068306345,1.4971927711012758,1.2181818708160965
2020-05-25,1.3760907232559954,1.075660453149665,1.480206370952592,1.2320027528768172
2020-05-26,1.3760907232559954,1.0832031886872082,1.4905858593537786,1.223363715419165
2020-05-27,1.380033658777333,1.0832031886872082,1.4948568596832796,1.226869039717572
2020-05-28,1.380033658777333,1.0802847493531895,1.4908293151712342,1.2301745533096626
2020-05-29,1.4172615117632357,1.0802847493531895,1.5310459970030674,1.2633598000073303
2020-06-01,1.4216251684288332,1.0802847493531895,1.5357599887503257,1.2672496032416616
2020-06-02,1.4216537182168725,1.0802847493531895,1.5357908306509416,1.2672750527823484
2020-06-03,1.421131756717048,1.0802847493531895,1.5352269636029319,1.2668097715547442
2020-06-04,1.4279358135769904,1.0802847493531895,1.5425772824624595,1.2728749697150477
2020-06-05,1.4279358135769904,1.0746949435625532,1.5345953985830698,1.279461310844763
2020-06-08,1.4279358135769904,1.0679948856148958,1.5250281458865684,1.2874379603821922
2020-06-09,1.4279358135769904,1.0699277127731328,1.5277880990072692,1.285107991308474
2020-06-10,1.4279358135769904,1.0815337003828658,1.5443607043671377,1.2711678463377103
2020-06-11,1.4305081377043865,1.0815337003828658,1.5471427595992246,1.2734577641967726
2020-06-12,1.4305081377043865,1.094527668283564,1.565730736422243,1.2581579457028966
2020-06-15,1.4305081377043865,1.0780386086120337,1.5421430023790257,1.2771120955559
2020-06-16,1.4305081377043865,1.0772265961708063,1.5409814119739325,1.2780740563819308
2020-06-17,1.4305081377043865,1.0700434394068925,1.5307058477687474,1.2865965031313118
2020-06-18,1.449723123197909,1.0700434394068925,1.5512667169343899,1.3038784272896446
2020-06-19,1.450903215670488,1.0700434394068925,1.5525294671425662,1.304939800383983
2020-06-22,1.457888306245576,1.0700434394068925,1.5600038174861022,1.3112221785621216
2020-06-23,1.457888306245576,1.0655794845951374,1.5534958699664358,1.3166922710253928
2020-06-24,1.457888306245576,1.0731158204110414,1.564483005824382,1.3073799341569488
2020-06-29,1.457888306245576,1.0589509413345717,1.5438321942594142,1.3246370450131122
2020-06-30,1.4872353215069822,1.0589509413345717,1.5749092436958403,1.3513017376437393
2020-07-01,1.4872353215069822,1.0369977794455856,1.5422597259157793,1.3793156376738716
2020-07-02,1.4872353215069822,1.0169671715613897,1.5124694983591471,1.4059584436995085
2020-07-03,1.4872353215069822,0.9593262253942971,1.4267438472543648,1.4856471271031502
2020-07-06,1.4872353215069822,0.9535680226890073,1.4181800448026607,1.494564487100137
2020-07-07,1.5112551401900733,0.9535680226890073,1.4410845758096442,1.5187026765790934
2020-07-08,1.5112551401900733,0.9402318642979283,1.4209302378907371,1.539942545116946
2020-07-09,1.5112551401900733,0.9572539342730916,1.4466549286373778,1.5120632413451205
2020-07-10,1.5429953455424836,0.9572539342730916,1.4770383650856083,1.5438204188790803
2020-07-13,1.5282835160653396,0.9572539342730916,1.4629554084382574,1.5291007226651576
2020-07-14,1.5282835160653396,0.9696453664630365,1.4818930299945916,1.509306865217197
2020-07-15,1.4547709672818248,0.9696453664630365,1.4106119276897686,1.4367071195599066
2020-07-16,1.4639344475516534,0.9696453664630365,1.4194972538740835,1.4457568171684643
2020-07-17,1.4639344475516534,0.9407132756634561,1.3771425695128856,1.4888950292975116
2020-07-20,1.4639344475516534,0.9385550218859678,1.3739830274614622,1.4923109620842563
2020-07-21,1.4639344475516534,0.9338727131408018,1.3671284343953414,1.499755875280963
2020-07-22,1.463310393435077,0.9338727131408018,1.3665456472843476,1.4991165510069877
2020-07-23,1.463310393435077,0.9748636161544768,1.4265280617005474,1.433315141153333
2020-07-24,1.463310393435077,0.969917583697129,1.419290480999443,1.440587156532999
2020-07-27,1.463310393435077,0.9613914674311259,1.406814126451765,1.4532507207309924
2020-07-28,1.463310393435077,0.9380840056157974,1.3727080753328038,1.4884825558668318
2020-07-29,1.463310393435077,0.942666635384749,1.3794138851029756,1.4812111767256824
2020-07-30,1.4755342969614993,0.942666635384749,1.3909369511114957,1.4935846161598474
2020-07-31,1.4755342969614993,0.9273543060021406,1.3683430839410857,1.517845854168024
2020-08-03,1.4755342969614993,0.926481316424342,1.367054957878154,1.5192747186298778
2020-08-04,1.4759379538546282,0.926481316424342,1.3674289384478837,1.5196903414412177
2020-08-05,1.4759379538546282,0.929263354016098,1.3715350533186068,1.5151270161126131
2020-08-06,1.4759379538546282,0.9399628011580613,1.3873267734406918,1.4976819922104045
2020-08-07,1.4759379538546282,0.9365799402029721,1.3823338805644627,1.503072045868216
2020-08-10,1.462478902765922,0.9365799402029721,1.3697284033006134,1.489365559492882
2020-08-11,1.451814652405655,0.9365799402029721,1.3597404803358852,1.47850525431217
2020-08-12,1.451814652405655,0.938984442441913,1.363231371918122,1.4747094553187503
2020-08-13,1.4733978603353528,0.938984442441913,1.383497668382097,1.496633025767151
2020-08-14,1.4733978603353528,0.9169106193007376,1.350974144596468,1.5318161568445012
2020-08-17,1.4726421635892188,0.9169106193007376,1.3502812382249667,1.5310304977115774
2020-08-18,1.4726421635892188,0.9306426842807891,1.3705036561077375,1.508101097791387
2020-08-19,1.4535303764507659,0.9306426842807891,1.3527174112238045,1.4885291285262885
2020-08-20,1.4658592560132442,0.9306426842807891,1.364191192794004,1.501154868344436
2020-08-21,1.4773547828782985,0.9306426842807891,1.37488942077292,1.5129271896275815
2020-08-24,1.479250181103446,0.9306426842807891,1.3766533592649526,1.5148682260957553
2020-08-25,1.479250181103446,0.9415518564311638,1.392790754144083,1.497110650021988
2020-08-26,1.479250181103446,0.9365071307444996,1.3853283427584677,1.505131995315248
2020-08-27,1.479250181103446,0.9141560917441144,1.3522655642692976,1.5410540538064363
2020-08-28,1.479250181103446,0.9194493582972778,1.3600956297766933,1.5321308404150915
2020-08-31,1.4872072453239444,0.9194493582972778,1.3674117473681608,1.5403723560472173
2020-09-01,1.4872072453239444,0.9191142671570589,1.3669133973965835,1.5409337411028396
2020-09-02,1.4789814219149198,0.9191142671570589,1.3593529257422345,1.532410753550719
2020-09-03,1.4789814219149198,0.9280583677864398,1.3725810844088264,1.5174985315615015
2020-09-04,1.4789814219149198,0.9476792474288923,1.4016000008816423,1.4854157907783072
2020-09-07,1.4869068267710694,0.9476792474288923,1.4091107425912874,1.493375675430809
2020-09-08,1.4521284143934678,0.9476792474288923,1.3761519629225103,1.4584459581548463
2020-09-09,1.4513013396079666,0.9476792474288923,1.375368161312219,1.4576152851468327
2020-09-10,1.4656513341945994,0.9476792474288923,1.3889673533826878,1.4720277099688894
2020-09-11,1.4656513341945994,0.9428114800872532,1.3818329036838657,1.4795888003188309
2020-09-14,1.4774469730115316,0.9428114800872532,1.3929539673754323,1.4914966085942074
2020-09-15,1.4774469730115316,0.949070275431515,1.4022010056115106,1.481595401166199
2020-09-16,1.4696291295979154,0.949070275431515,1.3947813228096693,1.4737556065338124
2020-09-17,1.4696291295979154,0.9276878349902233,1.3633570654752545,1.5069591450888484
2020-09-18,1.4696291295979154,0.936629779260415,1.3764984072499693,1.4924336288703652
2020-09-21,1.4521908818187228,0.936629779260415,1.3601652250818559,1.4747247886670132
2020-09-22,1.4573804766407097,0.936629779260415,1.3650259541344245,1.4799949113643387
2020-09-23,1.4294185331304772,0.936629779260415,1.3388359651567434,1.451599077352351
2020-09-24,1.4294185331304772,0.9352019884921259,1.3367950545711182,1.4538118831031326
2020-09-25,1.4294185331304772,0.9327694720862939,1.3333179705384781,1.4575933349179901
2020-09-28,1.4325041671686705,0.9327694720862939,1.336196155771335,1.4607397888807891
2020-09-29,1.4325041671686705,0.9336640923618508,1.337477703044104,1.459338791665987
2020-09-30,1.4325041671686705,0.9145841624861444,1.3101456239878688,1.4891611678692414
2020-10-09,1.4759635209064141,0.9145841624861444,1.3498928606282923,1.534339383367808
2020-10-12,1.4759635209064141,0.9115419944203188,1.3454027315386672,1.5394430342571168
2020-10-13,1.4759635209064141,0.9175883428412045,1.3543269212425846,1.529231755987767
2020-10-14,1.4759635209064141,0.919185260051723,1.3566839127912174,1.5265703702704565
2020-10-15,1.4737920220290426,0.919185260051723,1.3546879030309185,1.5243244164929302
2020-10-16,1.4737920220290426,0.9261272085702116,1.3649188913748034,1.5128122849513803
2020-10-19,1.4855623367726143,0.9261272085702116,1.3758197001122603,1.5248942317089051
2020-10-20,1.4855623367726143,0.9262506286409349,1.3760030483209287,1.524691017126522
2020-10-21,1.4855623367726143,0.9291193254852624,1.3802646763084803,1.5199688866640324
2020-10-22,1.4855623367726143,0.940688901534913,1.3974520027402677,1.5010419360076377
2020-10-23,1.4769822914156716,0.940688901534913,1.3893808492983255,1.4923724863488652
2020-10-26,1.4769822914156716,0.9390760551117101,1.3869987036924818,1.494931214981431
2020-10-27,1.4769822914156716,0.9314838394945922,1.3757851356733892,1.507017392725095
2020-10-28,1.4880965924199723,0.9314838394945922,1.3861379274461738,1.5183577080550836
2020-10-29,1.4639068999345684,0.9314838394945922,1.3636056198136763,1.493676107258615
2020-10-30,1.4718564872846904,0.9314838394945922,1.3710105319609656,1.5017873530543506
2020-11-02,1.4895435591771804,0.9314838394945922,1.387485753596799,1.5198340995341701
2020-11-03,1.4895435591771804,0.9244462591299718,1.377002971092487,1.531316805044301
2020-11-04,1.4895435591771804,0.9107234937858072,1.3565623143599868,1.554048143914097
2020-11-05,1.4895435591771804,0.910610518185692,1.356394032282491,1.5542409241847988
2020-11-06,1.4895435591771804,0.8927864404188424,1.329844292046607,1.5846632733097417
2020-11-09,1.4813281414362438,0.8927864404188424,1.3225096784851225,1.5759232329874895
2020-11-10,1.4666826890863316,0.8927864404188424,1.3094344172133205,1.5603425470002104
2020-11-11,1.4677486800634578,0.8927864404188424,1.3103861195033075,1.561476610345135
2020-11-12,1.4677486800634578,0.9021739464318174,1.3241646190629393,1.545057934606895
2020-11-13,1.4677486800634578,0.8933840660833421,1.311263283783549,1.560111433358849
2020-11-16,1.4677486800634578,0.8950938238517347,1.3137727784913356,1.5571256932454869
2020-11-17,1.4677486800634578,0.8956633441954237,1.3146086912240542,1.5561349426265538
2020-11-18,1.4786457653641563,0.8956633441954237,1.3243688110864607,1.5676882388001643
2020-11-19,1.4786457653641563,0.8928827286560791,1.320257265694103,1.5725551771491613
2020-11-20,1.4971132823445326,0.8928827286560791,1.3367465926470439,1.5921955738667812
2020-11-23,1.4879177366772434,0.8928827286560791,1.3285360487401532,1.5824160152432554
2020-11-24,1.4879177366772434,0.9042963064941347,1.3455185136443424,1.5621882431265866
2020-11-25,1.4906117261655738,0.9042963064941347,1.3479546783883736,1.565016705078505
2020-11-26,1.5091470840656587,0.9042963064941347,1.3647161340769671,1.584477268979248
2020-11-27,1.5091470840656587,0.9080206180335759,1.370336667976867,1.5779516568159961
2020-11-30,1.541654895413488,0.9080206180335759,1.399854430927842,1.6119415543663251
2020-12-01,1.541654895413488,0.9080123031846856,1.3998416123003457,1.6119563150999234
2020-12-02,1.541654895413488,0.9098193878077545,1.4026275131559263,1.6087482732486629
2020-12-03,1.541654895413488,0.9082260984221354,1.4001712107747764,1.6115655374026794
2020-12-04,1.5283618736125681,0.9082260984221354,1.3880981414482865,1.5976697064446364
2020-12-07,1.5246015551258265,0.9082260984221354,1.3846829220602483,1.593738865825948
2020-12-08,1.5041574005562222,0.9082260984221354,1.3661150073199575,1.5723676140343001
2020-12-09,1.5034959022116563,0.9082260984221354,1.3655142172593597,1.571676118201917
2020-12-10,1.488007370539608,0.9082260984221354,1.3514471285685676,1.5554852158528227
2020-12-11,1.488007370539608,0.8998292921765265,1.3389526189861085,1.569866115056354
2020-12-14,1.488007370539608,0.8979575847447699,1.336167504532161,1.5731315456218633
2020-12-15,1.488007370539608,0.8963656262109774,1.3337986585002843,1.5759204971618659
2020-12-16,1.5071145108908415,0.8963656262109774,1.3509256423263187,1.5961565085673322
2020-12-17,1.5071145108908415,0.899493870855604,1.355640265223852,1.590586049477978
2020-12-18,1.5212428358635688,0.899493870855604,1.3683486069422763,1.6054968717424576
2020-12-21,1.5212428358635688,0.914120583689933,1.3905993890537331,1.5793898103602015
2020-12-22,1.534219432172417,0.914120583689933,1.402461562845886,1.5928624154566247
2020-12-23,1.534219432172417,0.9154182669847281,1.4044524937735663,1.5906011919546865
2020-12-24,1.534219432172417,0.9077290884669368,1.3926556066741282,1.6039616600124593
2020-12-25,1.534219432172417,0.9036961681853541,1.3864682220097218,1.611087849523991
2020-12-28,1.5277126811561823,0.9036961681853541,1.3805880960490142,1.6042550932165769
2020-12-29,1.5491531567515842,0.9036961681853541,1.3999637716886504,1.6267697928712777
2020-12-30,1.5491531567515842,0.8864521601995307,1.3732501622823623,1.65781123388535
2020-12-31,1.5491531567515842,0.8768533554472712,1.3583801435993574,1.67576257639952
2021-01-04,1.5491531567515842,0.8600765951713573,1.332390372457861,1.7078247984905357
2021-01-05,1.5491531567515842,0.8522003289816608,1.3201888298266768,1.7234644319764305
2021-01-06,1.5491531567515842,0.8371012222943581,1.296798001037913,1.7540004133005396
2021-01-07,1.5491531567515842,0.8398683829739604,1.3010847567399577,1.7482023080697426
2021-01-08,1.5491531567515842,0.8481628356127177,1.313934134228815,1.730937244232115
2021-01-11,1.5933385253043677,0.8481628356127177,1.351410521713137,1.7803075080725932
2021-01-12,1.5933385253043677,0.8509486537588283,1.355849273089827,1.7744600307328642
2021-01-13,1.5933385253043677,0.8673505986020259,1.381983123698411,1.740257502270098
2021-01-14,1.5897341233124362,0.8673505986020259,1.378856843473107,1.7363207446331996
2021-01-15,1.5897341233124362,0.8577461128655207,1.3635882647609172,1.7555476499385125
2021-01-18,1.566401084364887,0.8577461128655207,1.343574441302317,1.7297809125390893
2021-01-19,1.5776100438468554,0.8577461128655207,1.3531888827272425,1.7421589965144297
2021-01-20,1.5776100438468554,0.8438792136987295,1.331312323324701,1.7703239077566113
2021-01-21,1.5789726925496539,0.8438792136987295,1.332462234240566,1.7718530115968452
2021-01-22,1.5789726925496539,0.8353723267094888,1.319030091985949,1.7897145172323914
2021-01-25,1.547270608156461,0.8353723267094888,1.2925470479848669,1.7537812291313752
2021-01-26,1.547270608156461,0.8330940031982444,1.2890218649800467,1.758564343055735
2021-01-27,1.5050451769933926,0.8330940031982444,1.2538441114956342,1.7105726490223292
2021-01-28,1.4979979067078453,0.8330940031982444,1.2479730728818277,1.702563010517785
2021-01-29,1.4979979067078453,0.8228695746048131,1.2326569002515837,1.7234582922747397
2021-02-01,1.4979979067078453,0.8101956646108189,1.2136714096107768,1.7500031493806587
2021-02-02,1.4979979067078453,0.8125360321992569,1.2171772753591836,1.7449480116782838
2021-02-03,1.4949246518794068,0.8125360321992569,1.214680145074947,1.741368120225665
2021-02-04,1.4949246518794068,0.8111308538798055,1.2125795093649128,1.744379596187047
2021-02-05,1.5170477027133906,0.8111308538798055,1.2305241984783084,1.7701942741587386
2021-02-08,1.5170477027133906,0.7933926708301956,1.203614528632588,1.8089056977449656
2021-02-09,1.5170477027133906,0.7764443249776325,1.1779030794921652,1.8475472941539337
2021-02-10,1.5170477027133906,0.781703452252344,1.1858814264425437,1.8350332141955488
2021-02-18,1.5170477027133906,0.7802858817822933,1.1837309044175188,1.8383609325118884
2021-02-19,1.5170477027133906,0.8047941040528082,1.2209110467105926,1.7806193285698566
2021-02-22,1.512260057903685,0.8047941040528082,1.2170579783954423,1.7749998791146804
2021-02-23,1.4737466825693883,0.8047941040528082,1.1860626409992274,1.7297951960937996
2021-02-24,1.4737466825693883,0.8000593692508454,1.179084841291989,1.7399718629878154
2021-02-25,1.4379650232898187,0.8000593692508454,1.150457389538028,1.6977264207460572
2021-02-26,1.4379650232898187,0.7877629387264448,1.1327755525326264,1.7238194530690096
2021-03-01,1.4379650232898187,0.7978162359561373,1.1472318423176606,1.7018203611086213
2021-03-02,1.4379650232898187,0.7825176260123682,1.125232976313567,1.7344537981403496
2021-03-03,1.4379650232898187,0.8071327736665022,1.160628697683326,1.679894213894226
2021-03-04,1.4379650232898187,0.8098702387940551,1.1645650767892226,1.6741966979729936
2021-03-05,1.38802605494438,0.8098702387940551,1.1241209925701734,1.616053659338555
2021-03-08,1.3582368648988195,0.8098702387940551,1.099995614114494,1.581370643547624
2021-03-09,1.3671477031105252,0.8098702387940551,1.1072122367848634,1.5917453714920342
2021-03-10,1.3671477031105252,0.7897022752743459,1.079639651782476,1.6313841445289585
2021-03-11,1.37198983645055,0.7897022752743459,1.0834634954982754,1.6371621446226126
2021-03-12,1.37198983645055,0.8067096242534697,1.1067974054426009,1.6019035556571262
2021-03-15,1.37198983645055,0.7996897980685643,1.0971662752632612,1.615843000765521
2021-03-16,1.37198983645055,0.7963055362973738,1.0925231025092996,1.622681196912257
2021-03-17,1.37198983645055,0.789918991357038,1.0837608277611241,1.6356954557809131
2021-03-18,1.37198983645055,0.8106091963405317,1.1121475787125559,1.5928519811449433
2021-03-19,1.37198983645055,0.8025046596760047,1.101028236779684,1.6087774447846754
2021-03-22,1.3589930583620164,0.8025046596760047,1.090598261802861,1.5935375917710426
2021-03-23,1.3589930583620164,0.815410845193129,1.1081376783305652,1.5679097134279911
2021-03-24,1.3583482881699178,0.815410845193129,1.1076119257232708,1.5671658233537191
2021-03-25,1.3583482881699178,0.7969316526316194,1.0825107461405818,1.6026816117397702
2021-03-26,1.3607445185744849,0.7969316526316194,1.0844203779969797,1.6055088648385063
2021-03-29,1.3607445185744849,0.7893755715564172,1.0741384820919941,1.6207314439763978
2021-03-30,1.3607445185744849,0.7965598754779263,1.0839144842729607,1.6059807629466891
2021-03-31,1.3607445185744849,0.7867114981930351,1.0705133588656914,1.6258365264023702
2021-04-01,1.3607445185744849,0.7788948217634576,1.0598768592606735,1.641990654165172
2021-04-02,1.3607445185744849,0.7820962456464711,1.0642331792611175,1.635241722282395
2021-04-06,1.3607445185744849,0.7876647353711067,1.0718104711306538,1.623598875537493
2021-04-07,1.3607445185744849,0.7863582016412518,1.070032612519421,1.62629200955681
2021-04-08,1.3402832909093534,0.7863582016412518,1.0539427583292962,1.601837800406377
2021-04-09,1.3402832909093534,0.8000371845866767,1.0722764706076833,1.5739732573681495
2021-04-12,1.338088532029097,0.8000371845866767,1.0705205818922763,1.571395823323179
2021-04-13,1.338088532029097,0.7933992962480845,1.0616384996295163,1.5844336548288962
2021-04-14,1.338088532029097,0.798441652984587,1.0683856193530301,1.574363971441542
2021-04-15,1.338088532029097,0.7956655654065766,1.064670968400986,1.57983784952399
2021-04-16,1.370646439150758,0.7956655654065766,1.0905761739793973,1.6182779173826454
2021-04-19,1.370646439150758,0.7962366377720498,1.0913589122836305,1.6171164321576306
2021-04-20,1.3747932700889627,0.7962366377720498,1.0946607710072755,1.6220089472950172
2021-04-21,1.3747932700889627,0.7977204073934966,1.0967006474972032,1.6189863689715107
2021-04-22,1.3872762765577011,0.7977204073934966,1.106658596502941,1.6336866280987343
2021-04-23,1.3872762765577011,0.8067634747068718,1.119203829254101,1.6151669337171783
2021-04-26,1.3909054589185574,0.8067634747068718,1.1221317210258903,1.619392289145464
2021-04-27,1.3987534636525212,0.8067634747068718,1.1284632045945788,1.628529501362058
2021-04-28,1.3987534636525212,0.7996832189587597,1.1185596723433613,1.64282167710437
2021-04-29,1.3987534636525212,0.805982639451002,1.1273710085758888,1.6298805220413366
2021-04-30,1.3987534636525212,0.8157932948298476,1.1410936967677503,1.6100411417274723
2021-05-06,1.380769462753283,0.8157932948298476,1.1264224694199378,1.5893405807686967
2021-05-07,1.3797660386524087,0.8157932948298476,1.125603882766574,1.5881855851765572
2021-05-10,1.3797660386524087,0.8107869337749629,1.118696275805812,1.597931963961413
2021-05-11,1.385668664432212,0.8107869337749629,1.1234820476630398,1.604767901461413
2021-05-12,1.385668664432212,0.8190762329806915,1.1349682698225207,1.5883611233834436
2021-05-13,1.385668664432212,0.7997817764503714,1.1082325460112066,1.6257771335367925
2021-05-14,1.385668664432212,0.7881392999356963,1.0920999311284334,1.6494436794029728
2021-05-17,1.385668664432212,0.7877416570708974,1.0915489298710466,1.6502758793834276
2021-05-18,1.385668664432212,0.7900694242768578,1.0947744439464386,1.6453993338328214
2021-05-19,1.3894568168950123,0.7900694242768578,1.0977673473817962,1.649897540149194
2021-05-20,1.3894568168950123,0.7980309883349347,1.1088295968354374,1.633271450654357
2021-05-21,1.3952589170386283,0.7980309883349347,1.1134598525474655,1.640091673062983
2021-05-24,1.3952589170386283,0.772817243692763,1.0782801505035404,1.6919102781532986
2021-05-25,,,,
